No_TableNo,ExptNo,ExptNo_norm,PM,Tsub,x,G_kg_m2s,G_Mlb_ft2h,LD,old86_member,policy_class,high_PM,deep_subcooled,scope_A_Gle4200,scope_B_Gle4200_LDge40,scope_C_B_xgtm020,scope_D_old86like_lowX,q_M_MWm2_result,q_P_MWm2,dq_ratio_pct_result,log_message
35.01_10,35.01,35.01,1.7206866359179822,77.09689440382374,-0.146,2102.1565,1.55,20.97902097902098,False,excluded_LD<40,False,False,True,False,False,False,7.0031898,12.050295097657129,0.923079024422527,хПОцЭЯ (|dq_ratio|<1%)  (f_solver=0)
36.01_10,36.01,36.01,2.721081299499212,132.16438099330514,-0.338,2305.591,1.7,20.97902097902098,False,excluded_LD<40,True,True,True,False,False,False,8.959035599999998,24.378264232707693,0.2831777292195422,хПОцЭЯ (|dq_ratio|<1%)  (f_solver=0)
37.01_10,37.01,37.01,0.8118979825986368,28.04836953301753,-0.047,2427.6517,1.7899999999999998,20.97902097902098,False,excluded_LD<40,False,False,True,False,False,False,3.785508,3.0734463083110004,0.5043782682447239,хПОцЭЯ (|dq_ratio|<1%)  (f_solver=0)
38.01_10,38.01,38.01,2.601409107771878,86.04557897376492,-0.256,2712.46,2.0,20.97902097902098,False,excluded_LD<40,True,True,True,False,False,False,6.593093099999999,17.151332438727923,0.3689553372167661,хПОцЭЯ (|dq_ratio|<1%)  (f_solver=0)
