original_target_row,result_row_in_all_rev,No_TableNo,TableNo,ExptNo,Status,exclude_reason,P_Pa_input,P_MPa,G,DH_m,L_DNB_m_input,Tin_K,q_M_Wm2_input,q_M_MWm2_input,F_form_input,x_Mes_input,L_m_input,L_DNB_over_DH_input,L_over_DH_input,q_in_Wm2,q_in_MWm2,q_P_Wm2,q_P_MWm2,q_M_Wm2_result,q_M_MWm2_result,PM_noF1,dq_ratio_pct_result,Tsub_K,Tsub2,Fcorr,F_form_result,x_Mes_result,log_q_low,log_q_high,log_q_in,log_q_P,log_PM_ratio,log_dq_ratio_pct,log_message
283,,148.01_10,10,148.01,FAIL_BRACKET_LOW,,13789514.586336,13.789514586336,4773.9296,0.004724399999999999,0.3048,589.9230674766882,3227145.569999999,3.227145569999999,1,0.045,0.3048,64.51612903225808,64.51612903225808,,,,,,,,,,,,,,100000,12000000,100000,546085535.33322,169.2162697616458,545985.53533322,
406,,39.01_10,10,39.01,FAIL_BRACKET_LOW,,13789514.586336,13.789514586336,3933.067,0.003632199999999999,0.07619999999999999,603.362216727703,3943237.5,3.9432375,1,0.042,0.07619999999999999,20.97902097902098,20.97902097902098,,,,,,,,,,,,,,100000,12000000,100000,82277248600.30049,20865.405292047584,82277148.60030049,
410,,42.01_10,10,42.01,FAIL_BRACKET_LOW,,13789514.586336,13.789514586336,5791.102099999999,0.003632199999999999,0.07619999999999999,600.499497991088,5015798.1,5.0157981,1,0.013,0.07619999999999999,20.97902097902098,20.97902097902098,,,,,,,,,,,,,,100000,12000000,100000,83433288536.41153,16634.100271382842,83433188.53641152,
