Table,N,mean,median,sd,min,p05,p25,p75,p95,max
ALL,277,1.4493200619775133,1.4164864486860662,0.5720012606424701,0.07354877843850079,0.3978042325871056,1.1333409354693746,1.7335728165197444,2.3622331515755994,3.6053610399898135
9,30,1.2670448506222824,1.2931953421134792,0.1818055026578195,0.9292153428383486,0.9482021822852875,1.1849194576744702,1.4551217466049895,1.4930960276457044,1.530437295788683
10,187,1.3935848969264446,1.353475742387643,0.6391883038117517,0.07354877843850079,0.3077637910054109,1.0698289812317205,1.6967578958644078,2.486700576848645,3.6053610399898135
11,30,1.547814857570624,1.4981461536119078,0.2745306259098315,1.0865590794500108,1.1457353125275054,1.3482137958869271,1.8305996531161366,1.8928513755594514,1.9147686810453428
12,30,1.880516339891296,1.8800091030321089,0.35815377305392193,1.252713455275736,1.3050223287722758,1.6442277684070725,2.2196571557290135,2.3396300932612855,2.3632570092611966
