Y,Model,Role,N,NumPredictors,R2,AdjR2,RMSE
PM_F1,Hsub_linear,candidate_axis,176,1,0.775426516001695,0.774135863794808,0.118490820729275
PM_F1,Hsub_quad,function_form_check,176,2,0.821202794407603,0.819135774689772,0.105726981379888
PM_F1,Hsub_cubic,function_form_check,176,3,0.896348667112641,0.894540795027397,0.080499450333585
PM_F1,Hsub_P,candidate_axis,176,2,0.795365386887914,0.792999668817254,0.113108441064336
PM_F1,Hsub_LD,LD_diagnostic,176,2,0.815847316288185,0.813718383528511,0.107298708717422
PM_F1,Hsub_T12dummy,table_diagnostic,176,2,0.791669840108056,0.789261398953236,0.114125197710117
PM_F1,Hsub_LD_T12dummy,table_diagnostic,176,3,0.841840100583606,0.839081497686809,0.0994382927635647
PM_F1,Hsub_qM_DIAG_ONLY,diagnostic_only_not_correction,176,2,0.866831818160096,0.865292301607033,0.0912442917502459
